heading,unitid
American University,131159
Amherst College,164465
Appalachian State University,197869
Arizona State University - Barrett Honors,104151
Babson College,164580
Barnard College,189097
Baylor University,223232
Bentley University,164739
Boston College,164924
Boston University,164988
Bowdoin College,161004
Brown University,217156
Bryn Mawr,211273
Bucknell University,211291
Caltech,110404
Carnegie Mellon University,211440
Chapman University,111948
Clark University,165334
Coastal Carolina University,218724
College of Charleston,217819
College of Wooster,206589
Colorado College,126678
Colorado School of Mines,126775
Columbia University,190150
Connecticut College,128902
Cornell University,190415
Dartmouth College,182670
Davidson College,198385
Dickinson College,212009
Duke University,198419
Elon University,198516
Emerson College,165662
Emory University,139658
Fordham University,191241
Georgetown University,131496
Gonzaga University,235316
Grinnell College,153384
Harvard University,166027
Harvey Mudd College,115409
Haverford College,212911
Ithaca College,191968
James Madison University Honors College,232423
Johns Hopkins University,162928
Lafayette University,213385
Lehigh University,213543
Loyola Marymount University,117946
Loyola University Maryland,163046
Macalester College,173902
Marist University,192819
Massachusetts Institute of Technology,166683
New York University,193900
North Carolina State University,199193
Northwestern University,147767
Occidental College,120254
Pepperdine University,121150
Pomona College,121345
Princeton University,186131
Providence College,217402
Purdue University,243780
Reed College,209922
Rensselaer Polytechnic Institute (RPI),194824
Rice University,227757
Rochester Institute of Technology Honors Program,195003
Rollins College,136950
Santa Clara University,122931
Sarah Lawrence College,195304
Seattle University,236595
Smith College,167835
Southern Methodist University,228246
Stanford University,243744
Swarthmore College,216287
Syracuse University,196413
Texas A&M,228723
Texas Christian University,228875
Texas Tech University,229115
The George Washington University,131469
The University of Oklahoma,207500
The University of Texas at Austin,228778
"Trinity College, CT",130590
Tufts University,168148
University of Arizona,104179
University of California,110635
University of California,110644
University of California,110653
University of California,110662
University of California,445188
University of California,110671
University of California,110680
University of California,110705
University of California,110714
University of Central Florida,132903
University of Chicago,144050
University of Colorado Boulder,126614
University of Florida,134130
University of Illinois Urbana-Champaign,145637
University of Maryland,163286
University of Massachusetts Amherst,166629
University of Michigan,170976
University of North Carolina at Chapel Hill,199120
University of North Carolina at Charlotte,199139
University of North Carolina Wilmington,199218
University of Notre Dame,152080
University of Oregon,209551
University of Pennsylvania,215062
University of Portland,209825
University of Richmond,233374
University of Rochester,195030
University of San Diego,122436
University of Southern California,123961
University of Washington,236948
University of Wisconsin-Madison,240444
Vanderbilt University,221999
Villanova University,216597
Virginia Tech,233921
Wake Forest University,199847
Washington and Lee University,234207
Washington University in Saint Louis,179867
Wellesley College,168218
William & Mary,231624
Williams College,168342
Wofford College,218973
Yale University,130794
Colgate University,190099
Georgia Tech,139755
High Point University,198695
Tulane University,160755
University of Georgia,139959
University of Miami,135726
University of North Carolina – Chapel Hill,199120
University of Vermont,231174
University of Virginia,234076
